grp_spmv_csc_dataflow_fu_220.read_col_info_U0.grp_read_col_info_Pipeline_VITIS_LOOP_46_1_fu_149,VITIS_LOOP_46_1,upc_loop_status1.csv
grp_spmv_csc_dataflow_fu_220.read_nnz_packed_U0.grp_read_nnz_packed_Pipeline_VITIS_LOOP_89_1_fu_114,VITIS_LOOP_89_1,upc_loop_status2.csv
grp_spmv_csc_dataflow_fu_220.distribute_to_pe_U0.grp_distribute_to_pe_Pipeline_VITIS_LOOP_172_1_fu_72,VITIS_LOOP_172_1,upc_loop_status3.csv
grp_spmv_csc_dataflow_fu_220.distribute_to_pe_U0.grp_distribute_to_pe_Pipeline_VITIS_LOOP_230_3_fu_113,VITIS_LOOP_230_3,upc_loop_status4.csv
grp_spmv_csc_dataflow_fu_220.compute_pe_U0.grp_compute_pe_Pipeline_VITIS_LOOP_245_1_fu_48,VITIS_LOOP_245_1,upc_loop_status5.csv
grp_spmv_csc_dataflow_fu_220.compute_pe_U0.grp_compute_pe_Pipeline_VITIS_LOOP_251_2_fu_55,VITIS_LOOP_251_2,upc_loop_status6.csv
grp_spmv_csc_dataflow_fu_220.compute_pe_1_U0.grp_compute_pe_1_Pipeline_VITIS_LOOP_245_1_fu_48,VITIS_LOOP_245_1,upc_loop_status7.csv
grp_spmv_csc_dataflow_fu_220.compute_pe_1_U0.grp_compute_pe_1_Pipeline_VITIS_LOOP_251_2_fu_55,VITIS_LOOP_251_2,upc_loop_status8.csv
grp_spmv_csc_dataflow_fu_220.compute_pe_2_U0.grp_compute_pe_2_Pipeline_VITIS_LOOP_245_1_fu_48,VITIS_LOOP_245_1,upc_loop_status9.csv
grp_spmv_csc_dataflow_fu_220.compute_pe_2_U0.grp_compute_pe_2_Pipeline_VITIS_LOOP_251_2_fu_55,VITIS_LOOP_251_2,upc_loop_status10.csv
grp_spmv_csc_dataflow_fu_220.compute_pe_3_U0.grp_compute_pe_3_Pipeline_VITIS_LOOP_245_1_fu_48,VITIS_LOOP_245_1,upc_loop_status11.csv
grp_spmv_csc_dataflow_fu_220.compute_pe_3_U0.grp_compute_pe_3_Pipeline_VITIS_LOOP_251_2_fu_55,VITIS_LOOP_251_2,upc_loop_status12.csv
grp_spmv_csc_dataflow_fu_220.compute_pe_4_U0.grp_compute_pe_4_Pipeline_VITIS_LOOP_245_1_fu_48,VITIS_LOOP_245_1,upc_loop_status13.csv
grp_spmv_csc_dataflow_fu_220.compute_pe_4_U0.grp_compute_pe_4_Pipeline_VITIS_LOOP_251_2_fu_55,VITIS_LOOP_251_2,upc_loop_status14.csv
grp_spmv_csc_dataflow_fu_220.compute_pe_5_U0.grp_compute_pe_5_Pipeline_VITIS_LOOP_245_1_fu_48,VITIS_LOOP_245_1,upc_loop_status15.csv
grp_spmv_csc_dataflow_fu_220.compute_pe_5_U0.grp_compute_pe_5_Pipeline_VITIS_LOOP_251_2_fu_55,VITIS_LOOP_251_2,upc_loop_status16.csv
grp_spmv_csc_dataflow_fu_220.compute_pe_6_U0.grp_compute_pe_6_Pipeline_VITIS_LOOP_245_1_fu_48,VITIS_LOOP_245_1,upc_loop_status17.csv
grp_spmv_csc_dataflow_fu_220.compute_pe_6_U0.grp_compute_pe_6_Pipeline_VITIS_LOOP_251_2_fu_55,VITIS_LOOP_251_2,upc_loop_status18.csv
grp_spmv_csc_dataflow_fu_220.compute_pe_7_U0.grp_compute_pe_7_Pipeline_VITIS_LOOP_245_1_fu_48,VITIS_LOOP_245_1,upc_loop_status19.csv
grp_spmv_csc_dataflow_fu_220.compute_pe_7_U0.grp_compute_pe_7_Pipeline_VITIS_LOOP_251_2_fu_55,VITIS_LOOP_251_2,upc_loop_status20.csv
grp_spmv_csc_dataflow_fu_220.compute_pe_8_U0.grp_compute_pe_8_Pipeline_VITIS_LOOP_245_1_fu_48,VITIS_LOOP_245_1,upc_loop_status21.csv
grp_spmv_csc_dataflow_fu_220.compute_pe_8_U0.grp_compute_pe_8_Pipeline_VITIS_LOOP_251_2_fu_55,VITIS_LOOP_251_2,upc_loop_status22.csv
grp_spmv_csc_dataflow_fu_220.compute_pe_9_U0.grp_compute_pe_9_Pipeline_VITIS_LOOP_245_1_fu_48,VITIS_LOOP_245_1,upc_loop_status23.csv
grp_spmv_csc_dataflow_fu_220.compute_pe_9_U0.grp_compute_pe_9_Pipeline_VITIS_LOOP_251_2_fu_55,VITIS_LOOP_251_2,upc_loop_status24.csv
grp_spmv_csc_dataflow_fu_220.compute_pe_10_U0.grp_compute_pe_10_Pipeline_VITIS_LOOP_245_1_fu_48,VITIS_LOOP_245_1,upc_loop_status25.csv
grp_spmv_csc_dataflow_fu_220.compute_pe_10_U0.grp_compute_pe_10_Pipeline_VITIS_LOOP_251_2_fu_55,VITIS_LOOP_251_2,upc_loop_status26.csv
grp_spmv_csc_dataflow_fu_220.compute_pe_11_U0.grp_compute_pe_11_Pipeline_VITIS_LOOP_245_1_fu_48,VITIS_LOOP_245_1,upc_loop_status27.csv
grp_spmv_csc_dataflow_fu_220.compute_pe_11_U0.grp_compute_pe_11_Pipeline_VITIS_LOOP_251_2_fu_55,VITIS_LOOP_251_2,upc_loop_status28.csv
grp_spmv_csc_dataflow_fu_220.compute_pe_12_U0.grp_compute_pe_12_Pipeline_VITIS_LOOP_245_1_fu_48,VITIS_LOOP_245_1,upc_loop_status29.csv
grp_spmv_csc_dataflow_fu_220.compute_pe_12_U0.grp_compute_pe_12_Pipeline_VITIS_LOOP_251_2_fu_55,VITIS_LOOP_251_2,upc_loop_status30.csv
grp_spmv_csc_dataflow_fu_220.compute_pe_13_U0.grp_compute_pe_13_Pipeline_VITIS_LOOP_245_1_fu_48,VITIS_LOOP_245_1,upc_loop_status31.csv
grp_spmv_csc_dataflow_fu_220.compute_pe_13_U0.grp_compute_pe_13_Pipeline_VITIS_LOOP_251_2_fu_55,VITIS_LOOP_251_2,upc_loop_status32.csv
grp_spmv_csc_dataflow_fu_220.compute_pe_14_U0.grp_compute_pe_14_Pipeline_VITIS_LOOP_245_1_fu_48,VITIS_LOOP_245_1,upc_loop_status33.csv
grp_spmv_csc_dataflow_fu_220.compute_pe_14_U0.grp_compute_pe_14_Pipeline_VITIS_LOOP_251_2_fu_55,VITIS_LOOP_251_2,upc_loop_status34.csv
grp_spmv_csc_dataflow_fu_220.compute_pe_15_U0.grp_compute_pe_15_Pipeline_VITIS_LOOP_245_1_fu_48,VITIS_LOOP_245_1,upc_loop_status35.csv
grp_spmv_csc_dataflow_fu_220.compute_pe_15_U0.grp_compute_pe_15_Pipeline_VITIS_LOOP_251_2_fu_55,VITIS_LOOP_251_2,upc_loop_status36.csv
grp_reduce_and_write_packed_fu_255.grp_reduce_and_write_packed_Pipeline_VITIS_LOOP_273_1_VITIS_LOOP_277_2_fu_121,VITIS_LOOP_273_1_VITIS_LOOP_277_2,upc_loop_status37.csv
