grp_spmv_csc_dataflow_fu_220,entry_proc_U0,,status1.csv
grp_spmv_csc_dataflow_fu_220,read_col_info_U0,,status2.csv
grp_spmv_csc_dataflow_fu_220,read_nnz_packed_U0,,status3.csv
grp_spmv_csc_dataflow_fu_220,distribute_to_pe_U0,,status4.csv
grp_spmv_csc_dataflow_fu_220,compute_pe_U0,,status5.csv
grp_spmv_csc_dataflow_fu_220,compute_pe_1_U0,,status6.csv
grp_spmv_csc_dataflow_fu_220,compute_pe_2_U0,,status7.csv
grp_spmv_csc_dataflow_fu_220,compute_pe_3_U0,,status8.csv
grp_spmv_csc_dataflow_fu_220,compute_pe_4_U0,,status9.csv
grp_spmv_csc_dataflow_fu_220,compute_pe_5_U0,,status10.csv
grp_spmv_csc_dataflow_fu_220,compute_pe_6_U0,,status11.csv
grp_spmv_csc_dataflow_fu_220,compute_pe_7_U0,,status12.csv
grp_spmv_csc_dataflow_fu_220,compute_pe_8_U0,,status13.csv
grp_spmv_csc_dataflow_fu_220,compute_pe_9_U0,,status14.csv
grp_spmv_csc_dataflow_fu_220,compute_pe_10_U0,,status15.csv
grp_spmv_csc_dataflow_fu_220,compute_pe_11_U0,,status16.csv
grp_spmv_csc_dataflow_fu_220,compute_pe_12_U0,,status17.csv
grp_spmv_csc_dataflow_fu_220,compute_pe_13_U0,,status18.csv
grp_spmv_csc_dataflow_fu_220,compute_pe_14_U0,,status19.csv
grp_spmv_csc_dataflow_fu_220,compute_pe_15_U0,,status20.csv
,AESL_inst_spmv_csc,,module_status1.csv
,grp_spmv_csc_dataflow_fu_220,,module_status2.csv
grp_spmv_csc_dataflow_fu_220.read_col_info_U0,grp_read_col_info_Pipeline_VITIS_LOOP_46_1_fu_149,,module_status3.csv
grp_spmv_csc_dataflow_fu_220.read_nnz_packed_U0,grp_read_nnz_packed_Pipeline_VITIS_LOOP_89_1_fu_114,,module_status4.csv
grp_spmv_csc_dataflow_fu_220.distribute_to_pe_U0,grp_distribute_to_pe_Pipeline_VITIS_LOOP_172_1_fu_72,,module_status5.csv
grp_spmv_csc_dataflow_fu_220.distribute_to_pe_U0,grp_distribute_to_pe_Pipeline_VITIS_LOOP_230_3_fu_113,,module_status6.csv
grp_spmv_csc_dataflow_fu_220.compute_pe_U0,grp_compute_pe_Pipeline_VITIS_LOOP_245_1_fu_48,,module_status7.csv
grp_spmv_csc_dataflow_fu_220.compute_pe_U0,grp_compute_pe_Pipeline_VITIS_LOOP_251_2_fu_55,,module_status8.csv
grp_spmv_csc_dataflow_fu_220.compute_pe_1_U0,grp_compute_pe_1_Pipeline_VITIS_LOOP_245_1_fu_48,,module_status9.csv
grp_spmv_csc_dataflow_fu_220.compute_pe_1_U0,grp_compute_pe_1_Pipeline_VITIS_LOOP_251_2_fu_55,,module_status10.csv
grp_spmv_csc_dataflow_fu_220.compute_pe_2_U0,grp_compute_pe_2_Pipeline_VITIS_LOOP_245_1_fu_48,,module_status11.csv
grp_spmv_csc_dataflow_fu_220.compute_pe_2_U0,grp_compute_pe_2_Pipeline_VITIS_LOOP_251_2_fu_55,,module_status12.csv
grp_spmv_csc_dataflow_fu_220.compute_pe_3_U0,grp_compute_pe_3_Pipeline_VITIS_LOOP_245_1_fu_48,,module_status13.csv
grp_spmv_csc_dataflow_fu_220.compute_pe_3_U0,grp_compute_pe_3_Pipeline_VITIS_LOOP_251_2_fu_55,,module_status14.csv
grp_spmv_csc_dataflow_fu_220.compute_pe_4_U0,grp_compute_pe_4_Pipeline_VITIS_LOOP_245_1_fu_48,,module_status15.csv
grp_spmv_csc_dataflow_fu_220.compute_pe_4_U0,grp_compute_pe_4_Pipeline_VITIS_LOOP_251_2_fu_55,,module_status16.csv
grp_spmv_csc_dataflow_fu_220.compute_pe_5_U0,grp_compute_pe_5_Pipeline_VITIS_LOOP_245_1_fu_48,,module_status17.csv
grp_spmv_csc_dataflow_fu_220.compute_pe_5_U0,grp_compute_pe_5_Pipeline_VITIS_LOOP_251_2_fu_55,,module_status18.csv
grp_spmv_csc_dataflow_fu_220.compute_pe_6_U0,grp_compute_pe_6_Pipeline_VITIS_LOOP_245_1_fu_48,,module_status19.csv
grp_spmv_csc_dataflow_fu_220.compute_pe_6_U0,grp_compute_pe_6_Pipeline_VITIS_LOOP_251_2_fu_55,,module_status20.csv
grp_spmv_csc_dataflow_fu_220.compute_pe_7_U0,grp_compute_pe_7_Pipeline_VITIS_LOOP_245_1_fu_48,,module_status21.csv
grp_spmv_csc_dataflow_fu_220.compute_pe_7_U0,grp_compute_pe_7_Pipeline_VITIS_LOOP_251_2_fu_55,,module_status22.csv
grp_spmv_csc_dataflow_fu_220.compute_pe_8_U0,grp_compute_pe_8_Pipeline_VITIS_LOOP_245_1_fu_48,,module_status23.csv
grp_spmv_csc_dataflow_fu_220.compute_pe_8_U0,grp_compute_pe_8_Pipeline_VITIS_LOOP_251_2_fu_55,,module_status24.csv
grp_spmv_csc_dataflow_fu_220.compute_pe_9_U0,grp_compute_pe_9_Pipeline_VITIS_LOOP_245_1_fu_48,,module_status25.csv
grp_spmv_csc_dataflow_fu_220.compute_pe_9_U0,grp_compute_pe_9_Pipeline_VITIS_LOOP_251_2_fu_55,,module_status26.csv
grp_spmv_csc_dataflow_fu_220.compute_pe_10_U0,grp_compute_pe_10_Pipeline_VITIS_LOOP_245_1_fu_48,,module_status27.csv
grp_spmv_csc_dataflow_fu_220.compute_pe_10_U0,grp_compute_pe_10_Pipeline_VITIS_LOOP_251_2_fu_55,,module_status28.csv
grp_spmv_csc_dataflow_fu_220.compute_pe_11_U0,grp_compute_pe_11_Pipeline_VITIS_LOOP_245_1_fu_48,,module_status29.csv
grp_spmv_csc_dataflow_fu_220.compute_pe_11_U0,grp_compute_pe_11_Pipeline_VITIS_LOOP_251_2_fu_55,,module_status30.csv
grp_spmv_csc_dataflow_fu_220.compute_pe_12_U0,grp_compute_pe_12_Pipeline_VITIS_LOOP_245_1_fu_48,,module_status31.csv
grp_spmv_csc_dataflow_fu_220.compute_pe_12_U0,grp_compute_pe_12_Pipeline_VITIS_LOOP_251_2_fu_55,,module_status32.csv
grp_spmv_csc_dataflow_fu_220.compute_pe_13_U0,grp_compute_pe_13_Pipeline_VITIS_LOOP_245_1_fu_48,,module_status33.csv
grp_spmv_csc_dataflow_fu_220.compute_pe_13_U0,grp_compute_pe_13_Pipeline_VITIS_LOOP_251_2_fu_55,,module_status34.csv
grp_spmv_csc_dataflow_fu_220.compute_pe_14_U0,grp_compute_pe_14_Pipeline_VITIS_LOOP_245_1_fu_48,,module_status35.csv
grp_spmv_csc_dataflow_fu_220.compute_pe_14_U0,grp_compute_pe_14_Pipeline_VITIS_LOOP_251_2_fu_55,,module_status36.csv
grp_spmv_csc_dataflow_fu_220.compute_pe_15_U0,grp_compute_pe_15_Pipeline_VITIS_LOOP_245_1_fu_48,,module_status37.csv
grp_spmv_csc_dataflow_fu_220.compute_pe_15_U0,grp_compute_pe_15_Pipeline_VITIS_LOOP_251_2_fu_55,,module_status38.csv
,grp_reduce_and_write_packed_fu_255,,module_status39.csv
grp_reduce_and_write_packed_fu_255,grp_reduce_and_write_packed_Pipeline_VITIS_LOOP_273_1_VITIS_LOOP_277_2_fu_121,,module_status40.csv
